pregunta,respuesta_1,respuesta_2,respuesta_3,respuesta_4,respuesta_correcta
¿En qué año se produjo la Revolución de Mayo? (1),1810,1816,1806,1820,1
¿Quién fue Juan Manuel de Rosas? (2),Presidente,Gobernador de Buenos Aires,General del Perú,Virrey,2
¿Qué batallas ganó San Martín? (3),Chacabuco,Waterloo,Boyacá,Ayacucho,1
¿Quién escribió el himno nacional argentino? (4),Belgrano,Moreno,López y Planes,Alberdi,3
¿Qué día se celebra la independencia argentina? (5),9 de julio,25 de mayo,20 de junio,17 de agosto,1
¿En qué año se produjo la Revolución de Mayo? (6),1810,1816,1806,1820,1
¿Quién fue Juan Manuel de Rosas? (7),Presidente,Gobernador de Buenos Aires,General del Perú,Virrey,2
¿Qué batallas ganó San Martín? (8),Chacabuco,Waterloo,Boyacá,Ayacucho,1
¿Quién escribió el himno nacional argentino? (9),Belgrano,Moreno,López y Planes,Alberdi,3
¿Qué día se celebra la independencia argentina? (10),9 de julio,25 de mayo,20 de junio,17 de agosto,1
¿En qué año se produjo la Revolución de Mayo? (11),1810,1816,1806,1820,1
¿Quién fue Juan Manuel de Rosas? (12),Presidente,Gobernador de Buenos Aires,General del Perú,Virrey,2
¿Qué batallas ganó San Martín? (13),Chacabuco,Waterloo,Boyacá,Ayacucho,1
¿Quién escribió el himno nacional argentino? (14),Belgrano,Moreno,López y Planes,Alberdi,3
¿Qué día se celebra la independencia argentina? (15),9 de julio,25 de mayo,20 de junio,17 de agosto,1
¿En qué año se produjo la Revolución de Mayo? (16),1810,1816,1806,1820,1
¿Quién fue Juan Manuel de Rosas? (17),Presidente,Gobernador de Buenos Aires,General del Perú,Virrey,2
¿Qué batallas ganó San Martín? (18),Chacabuco,Waterloo,Boyacá,Ayacucho,1
¿Quién escribió el himno nacional argentino? (19),Belgrano,Moreno,López y Planes,Alberdi,3
¿Qué día se celebra la independencia argentina? (20),9 de julio,25 de mayo,20 de junio,17 de agosto,1
¿En qué año se produjo la Revolución de Mayo? (21),1810,1816,1806,1820,1
¿Quién fue Juan Manuel de Rosas? (22),Presidente,Gobernador de Buenos Aires,General del Perú,Virrey,2
¿Qué batallas ganó San Martín? (23),Chacabuco,Waterloo,Boyacá,Ayacucho,1
¿Quién escribió el himno nacional argentino? (24),Belgrano,Moreno,López y Planes,Alberdi,3
¿Qué día se celebra la independencia argentina? (25),9 de julio,25 de mayo,20 de junio,17 de agosto,1
¿En qué año se produjo la Revolución de Mayo? (26),1810,1816,1806,1820,1
¿Quién fue Juan Manuel de Rosas? (27),Presidente,Gobernador de Buenos Aires,General del Perú,Virrey,2
¿Qué batallas ganó San Martín? (28),Chacabuco,Waterloo,Boyacá,Ayacucho,1
¿Quién escribió el himno nacional argentino? (29),Belgrano,Moreno,López y Planes,Alberdi,3
¿Qué día se celebra la independencia argentina? (30),9 de julio,25 de mayo,20 de junio,17 de agosto,1
¿En qué año se produjo la Revolución de Mayo? (31),1810,1816,1806,1820,1
¿Quién fue Juan Manuel de Rosas? (32),Presidente,Gobernador de Buenos Aires,General del Perú,Virrey,2
¿Qué batallas ganó San Martín? (33),Chacabuco,Waterloo,Boyacá,Ayacucho,1
¿Quién escribió el himno nacional argentino? (34),Belgrano,Moreno,López y Planes,Alberdi,3
¿Qué día se celebra la independencia argentina? (35),9 de julio,25 de mayo,20 de junio,17 de agosto,1
¿En qué año se produjo la Revolución de Mayo? (36),1810,1816,1806,1820,1
¿Quién fue Juan Manuel de Rosas? (37),Presidente,Gobernador de Buenos Aires,General del Perú,Virrey,2
¿Qué batallas ganó San Martín? (38),Chacabuco,Waterloo,Boyacá,Ayacucho,1
¿Quién escribió el himno nacional argentino? (39),Belgrano,Moreno,López y Planes,Alberdi,3
¿Qué día se celebra la independencia argentina? (40),9 de julio,25 de mayo,20 de junio,17 de agosto,1
¿Cuántos Mundiales ganó Argentina hasta 2022? (1),1,2,3,4,3
¿Quién hizo el 'Gol del Siglo'? (2),Messi,Maradona,Batistuta,Aimar,2
¿Qué equipo ganó la Copa Libertadores 2018? (3),Boca Juniors,River Plate,Flamengo,Palmeiras,2
¿Qué selección ganó el Mundial 2014? (4),Brasil,Alemania,España,Francia,2
¿Quién es el máximo goleador histórico del Real Madrid? (5),Cristiano Ronaldo,Raúl,Benzema,Di Stéfano,1
¿Cuántos Mundiales ganó Argentina hasta 2022? (6),1,2,3,4,3
¿Quién hizo el 'Gol del Siglo'? (7),Messi,Maradona,Batistuta,Aimar,2
¿Qué equipo ganó la Copa Libertadores 2018? (8),Boca Juniors,River Plate,Flamengo,Palmeiras,2
¿Qué selección ganó el Mundial 2014? (9),Brasil,Alemania,España,Francia,2
¿Quién es el máximo goleador histórico del Real Madrid? (10),Cristiano Ronaldo,Raúl,Benzema,Di Stéfano,1
¿Cuántos Mundiales ganó Argentina hasta 2022? (11),1,2,3,4,3
¿Quién hizo el 'Gol del Siglo'? (12),Messi,Maradona,Batistuta,Aimar,2
¿Qué equipo ganó la Copa Libertadores 2018? (13),Boca Juniors,River Plate,Flamengo,Palmeiras,2
¿Qué selección ganó el Mundial 2014? (14),Brasil,Alemania,España,Francia,2
¿Quién es el máximo goleador histórico del Real Madrid? (15),Cristiano Ronaldo,Raúl,Benzema,Di Stéfano,1
¿Cuántos Mundiales ganó Argentina hasta 2022? (16),1,2,3,4,3
¿Quién hizo el 'Gol del Siglo'? (17),Messi,Maradona,Batistuta,Aimar,2
¿Qué equipo ganó la Copa Libertadores 2018? (18),Boca Juniors,River Plate,Flamengo,Palmeiras,2
¿Qué selección ganó el Mundial 2014? (19),Brasil,Alemania,España,Francia,2
¿Quién es el máximo goleador histórico del Real Madrid? (20),Cristiano Ronaldo,Raúl,Benzema,Di Stéfano,1
¿Cuántos Mundiales ganó Argentina hasta 2022? (21),1,2,3,4,3
¿Quién hizo el 'Gol del Siglo'? (22),Messi,Maradona,Batistuta,Aimar,2
¿Qué equipo ganó la Copa Libertadores 2018? (23),Boca Juniors,River Plate,Flamengo,Palmeiras,2
¿Qué selección ganó el Mundial 2014? (24),Brasil,Alemania,España,Francia,2
¿Quién es el máximo goleador histórico del Real Madrid? (25),Cristiano Ronaldo,Raúl,Benzema,Di Stéfano,1
¿Cuántos Mundiales ganó Argentina hasta 2022? (26),1,2,3,4,3
¿Quién hizo el 'Gol del Siglo'? (27),Messi,Maradona,Batistuta,Aimar,2
¿Qué equipo ganó la Copa Libertadores 2018? (28),Boca Juniors,River Plate,Flamengo,Palmeiras,2
¿Qué selección ganó el Mundial 2014? (29),Brasil,Alemania,España,Francia,2
¿Quién es el máximo goleador histórico del Real Madrid? (30),Cristiano Ronaldo,Raúl,Benzema,Di Stéfano,1
¿Cuántos Mundiales ganó Argentina hasta 2022? (31),1,2,3,4,3
¿Quién hizo el 'Gol del Siglo'? (32),Messi,Maradona,Batistuta,Aimar,2
¿Qué equipo ganó la Copa Libertadores 2018? (33),Boca Juniors,River Plate,Flamengo,Palmeiras,2
¿Qué selección ganó el Mundial 2014? (34),Brasil,Alemania,España,Francia,2
¿Quién es el máximo goleador histórico del Real Madrid? (35),Cristiano Ronaldo,Raúl,Benzema,Di Stéfano,1
¿Cuántos Mundiales ganó Argentina hasta 2022? (36),1,2,3,4,3
¿Quién hizo el 'Gol del Siglo'? (37),Messi,Maradona,Batistuta,Aimar,2
¿Qué equipo ganó la Copa Libertadores 2018? (38),Boca Juniors,River Plate,Flamengo,Palmeiras,2
¿Qué selección ganó el Mundial 2014? (39),Brasil,Alemania,España,Francia,2
¿Quién es el máximo goleador histórico del Real Madrid? (40),Cristiano Ronaldo,Raúl,Benzema,Di Stéfano,1
¿Cuál es la capital de Tierra del Fuego? (1),Río Grande,Ushuaia,Tolhuin,Puerto Almanza,2
¿Dónde está el Aconcagua? (2),Mendoza,San Juan,Salta,Neuquén,1
¿Cuál es el país más grande del mundo? (3),China,Canadá,Rusia,EE.UU.,3
¿Qué río cruza Buenos Aires? (4),Paraná,Pilcomayo,Riachuelo,Río de la Plata,4
¿Qué país no tiene salida al mar? (5),Bolivia,Chile,Uruguay,Perú,1
¿Cuál es la capital de Tierra del Fuego? (6),Río Grande,Ushuaia,Tolhuin,Puerto Almanza,2
¿Dónde está el Aconcagua? (7),Mendoza,San Juan,Salta,Neuquén,1
¿Cuál es el país más grande del mundo? (8),China,Canadá,Rusia,EE.UU.,3
¿Qué río cruza Buenos Aires? (9),Paraná,Pilcomayo,Riachuelo,Río de la Plata,4
¿Qué país no tiene salida al mar? (10),Bolivia,Chile,Uruguay,Perú,1
¿Cuál es la capital de Tierra del Fuego? (11),Río Grande,Ushuaia,Tolhuin,Puerto Almanza,2
¿Dónde está el Aconcagua? (12),Mendoza,San Juan,Salta,Neuquén,1
¿Cuál es el país más grande del mundo? (13),China,Canadá,Rusia,EE.UU.,3
¿Qué río cruza Buenos Aires? (14),Paraná,Pilcomayo,Riachuelo,Río de la Plata,4
¿Qué país no tiene salida al mar? (15),Bolivia,Chile,Uruguay,Perú,1
¿Cuál es la capital de Tierra del Fuego? (16),Río Grande,Ushuaia,Tolhuin,Puerto Almanza,2
¿Dónde está el Aconcagua? (17),Mendoza,San Juan,Salta,Neuquén,1
¿Cuál es el país más grande del mundo? (18),China,Canadá,Rusia,EE.UU.,3
¿Qué río cruza Buenos Aires? (19),Paraná,Pilcomayo,Riachuelo,Río de la Plata,4
¿Qué país no tiene salida al mar? (20),Bolivia,Chile,Uruguay,Perú,1
¿Cuál es la capital de Tierra del Fuego? (21),Río Grande,Ushuaia,Tolhuin,Puerto Almanza,2
¿Dónde está el Aconcagua? (22),Mendoza,San Juan,Salta,Neuquén,1
¿Cuál es el país más grande del mundo? (23),China,Canadá,Rusia,EE.UU.,3
¿Qué río cruza Buenos Aires? (24),Paraná,Pilcomayo,Riachuelo,Río de la Plata,4
¿Qué país no tiene salida al mar? (25),Bolivia,Chile,Uruguay,Perú,1
¿Cuál es la capital de Tierra del Fuego? (26),Río Grande,Ushuaia,Tolhuin,Puerto Almanza,2
¿Dónde está el Aconcagua? (27),Mendoza,San Juan,Salta,Neuquén,1
¿Cuál es el país más grande del mundo? (28),China,Canadá,Rusia,EE.UU.,3
¿Qué río cruza Buenos Aires? (29),Paraná,Pilcomayo,Riachuelo,Río de la Plata,4
¿Qué país no tiene salida al mar? (30),Bolivia,Chile,Uruguay,Perú,1
¿Cuál es la capital de Tierra del Fuego? (31),Río Grande,Ushuaia,Tolhuin,Puerto Almanza,2
¿Dónde está el Aconcagua? (32),Mendoza,San Juan,Salta,Neuquén,1
¿Cuál es el país más grande del mundo? (33),China,Canadá,Rusia,EE.UU.,3
¿Qué río cruza Buenos Aires? (34),Paraná,Pilcomayo,Riachuelo,Río de la Plata,4
¿Qué país no tiene salida al mar? (35),Bolivia,Chile,Uruguay,Perú,1
¿Cuál es la capital de Tierra del Fuego? (36),Río Grande,Ushuaia,Tolhuin,Puerto Almanza,2
¿Dónde está el Aconcagua? (37),Mendoza,San Juan,Salta,Neuquén,1
¿Cuál es el país más grande del mundo? (38),China,Canadá,Rusia,EE.UU.,3
¿Qué río cruza Buenos Aires? (39),Paraná,Pilcomayo,Riachuelo,Río de la Plata,4
¿Qué país no tiene salida al mar? (40),Bolivia,Chile,Uruguay,Perú,1
¿Quién interpreta a Harry Potter en el cine? (1),Elijah Wood,Daniel Radcliffe,Rupert Grint,Tom Holland,2
¿Qué serie es conocida por el Trono de Hierro? (2),Vikingos,Breaking Bad,Juego de Tronos,The Witcher,3
¿Cuál es el nombre del protagonista de Breaking Bad? (3),Jesse Pinkman,Saul Goodman,Walter White,Hank Schrader,3
¿Quién canta 'Shape of You'? (4),Ed Sheeran,Justin Bieber,Shawn Mendes,Harry Styles,1
¿Cuál de estos no es un superhéroe de Marvel? (5),Spider-Man,Batman,Iron Man,Hulk,2
¿Quién interpreta a Harry Potter en el cine? (6),Elijah Wood,Daniel Radcliffe,Rupert Grint,Tom Holland,2
¿Qué serie es conocida por el Trono de Hierro? (7),Vikingos,Breaking Bad,Juego de Tronos,The Witcher,3
¿Cuál es el nombre del protagonista de Breaking Bad? (8),Jesse Pinkman,Saul Goodman,Walter White,Hank Schrader,3
¿Quién canta 'Shape of You'? (9),Ed Sheeran,Justin Bieber,Shawn Mendes,Harry Styles,1
¿Cuál de estos no es un superhéroe de Marvel? (10),Spider-Man,Batman,Iron Man,Hulk,2
¿Quién interpreta a Harry Potter en el cine? (11),Elijah Wood,Daniel Radcliffe,Rupert Grint,Tom Holland,2
¿Qué serie es conocida por el Trono de Hierro? (12),Vikingos,Breaking Bad,Juego de Tronos,The Witcher,3
¿Cuál es el nombre del protagonista de Breaking Bad? (13),Jesse Pinkman,Saul Goodman,Walter White,Hank Schrader,3
¿Quién canta 'Shape of You'? (14),Ed Sheeran,Justin Bieber,Shawn Mendes,Harry Styles,1
¿Cuál de estos no es un superhéroe de Marvel? (15),Spider-Man,Batman,Iron Man,Hulk,2
¿Quién interpreta a Harry Potter en el cine? (16),Elijah Wood,Daniel Radcliffe,Rupert Grint,Tom Holland,2
¿Qué serie es conocida por el Trono de Hierro? (17),Vikingos,Breaking Bad,Juego de Tronos,The Witcher,3
¿Cuál es el nombre del protagonista de Breaking Bad? (18),Jesse Pinkman,Saul Goodman,Walter White,Hank Schrader,3
¿Quién canta 'Shape of You'? (19),Ed Sheeran,Justin Bieber,Shawn Mendes,Harry Styles,1
¿Cuál de estos no es un superhéroe de Marvel? (20),Spider-Man,Batman,Iron Man,Hulk,2
¿Quién interpreta a Harry Potter en el cine? (21),Elijah Wood,Daniel Radcliffe,Rupert Grint,Tom Holland,2
¿Qué serie es conocida por el Trono de Hierro? (22),Vikingos,Breaking Bad,Juego de Tronos,The Witcher,3
¿Cuál es el nombre del protagonista de Breaking Bad? (23),Jesse Pinkman,Saul Goodman,Walter White,Hank Schrader,3
¿Quién canta 'Shape of You'? (24),Ed Sheeran,Justin Bieber,Shawn Mendes,Harry Styles,1
¿Cuál de estos no es un superhéroe de Marvel? (25),Spider-Man,Batman,Iron Man,Hulk,2
¿Quién interpreta a Harry Potter en el cine? (26),Elijah Wood,Daniel Radcliffe,Rupert Grint,Tom Holland,2
¿Qué serie es conocida por el Trono de Hierro? (27),Vikingos,Breaking Bad,Juego de Tronos,The Witcher,3
¿Cuál es el nombre del protagonista de Breaking Bad? (28),Jesse Pinkman,Saul Goodman,Walter White,Hank Schrader,3
¿Quién canta 'Shape of You'? (29),Ed Sheeran,Justin Bieber,Shawn Mendes,Harry Styles,1
¿Cuál de estos no es un superhéroe de Marvel? (30),Spider-Man,Batman,Iron Man,Hulk,2
¿Quién interpreta a Harry Potter en el cine? (31),Elijah Wood,Daniel Radcliffe,Rupert Grint,Tom Holland,2
¿Qué serie es conocida por el Trono de Hierro? (32),Vikingos,Breaking Bad,Juego de Tronos,The Witcher,3
¿Cuál es el nombre del protagonista de Breaking Bad? (33),Jesse Pinkman,Saul Goodman,Walter White,Hank Schrader,3
¿Quién canta 'Shape of You'? (34),Ed Sheeran,Justin Bieber,Shawn Mendes,Harry Styles,1
¿Cuál de estos no es un superhéroe de Marvel? (35),Spider-Man,Batman,Iron Man,Hulk,2
¿Quién interpreta a Harry Potter en el cine? (36),Elijah Wood,Daniel Radcliffe,Rupert Grint,Tom Holland,2
¿Qué serie es conocida por el Trono de Hierro? (37),Vikingos,Breaking Bad,Juego de Tronos,The Witcher,3
¿Cuál es el nombre del protagonista de Breaking Bad? (38),Jesse Pinkman,Saul Goodman,Walter White,Hank Schrader,3
¿Quién canta 'Shape of You'? (39),Ed Sheeran,Justin Bieber,Shawn Mendes,Harry Styles,1
¿Cuál de estos no es un superhéroe de Marvel? (40),Spider-Man,Batman,Iron Man,Hulk,2
¿Quién pintó la Capilla Sixtina? (1),Da Vinci,Miguel Ángel,Van Gogh,Picasso,2
¿Qué estilo artístico es Salvador Dalí? (2),Surrealismo,Cubismo,Impresionismo,Realismo,1
¿Qué instrumento usaba más Frida Kahlo? (3),Pincel,Cámara,Cincel,Tinta,1
¿Quién pintó 'La noche estrellada'? (4),Van Gogh,Monet,Goya,Klimt,1
¿Qué corriente fundó Picasso? (5),Cubismo,Surrealismo,Impresionismo,Barroco,1
¿Quién pintó la Capilla Sixtina? (6),Da Vinci,Miguel Ángel,Van Gogh,Picasso,2
¿Qué estilo artístico es Salvador Dalí? (7),Surrealismo,Cubismo,Impresionismo,Realismo,1
¿Qué instrumento usaba más Frida Kahlo? (8),Pincel,Cámara,Cincel,Tinta,1
¿Quién pintó 'La noche estrellada'? (9),Van Gogh,Monet,Goya,Klimt,1
¿Qué corriente fundó Picasso? (10),Cubismo,Surrealismo,Impresionismo,Barroco,1
¿Quién pintó la Capilla Sixtina? (11),Da Vinci,Miguel Ángel,Van Gogh,Picasso,2
¿Qué estilo artístico es Salvador Dalí? (12),Surrealismo,Cubismo,Impresionismo,Realismo,1
¿Qué instrumento usaba más Frida Kahlo? (13),Pincel,Cámara,Cincel,Tinta,1
¿Quién pintó 'La noche estrellada'? (14),Van Gogh,Monet,Goya,Klimt,1
¿Qué corriente fundó Picasso? (15),Cubismo,Surrealismo,Impresionismo,Barroco,1
¿Quién pintó la Capilla Sixtina? (16),Da Vinci,Miguel Ángel,Van Gogh,Picasso,2
¿Qué estilo artístico es Salvador Dalí? (17),Surrealismo,Cubismo,Impresionismo,Realismo,1
¿Qué instrumento usaba más Frida Kahlo? (18),Pincel,Cámara,Cincel,Tinta,1
¿Quién pintó 'La noche estrellada'? (19),Van Gogh,Monet,Goya,Klimt,1
¿Qué corriente fundó Picasso? (20),Cubismo,Surrealismo,Impresionismo,Barroco,1
¿Quién pintó la Capilla Sixtina? (21),Da Vinci,Miguel Ángel,Van Gogh,Picasso,2
¿Qué estilo artístico es Salvador Dalí? (22),Surrealismo,Cubismo,Impresionismo,Realismo,1
¿Qué instrumento usaba más Frida Kahlo? (23),Pincel,Cámara,Cincel,Tinta,1
¿Quién pintó 'La noche estrellada'? (24),Van Gogh,Monet,Goya,Klimt,1
¿Qué corriente fundó Picasso? (25),Cubismo,Surrealismo,Impresionismo,Barroco,1
¿Quién pintó la Capilla Sixtina? (26),Da Vinci,Miguel Ángel,Van Gogh,Picasso,2
¿Qué estilo artístico es Salvador Dalí? (27),Surrealismo,Cubismo,Impresionismo,Realismo,1
¿Qué instrumento usaba más Frida Kahlo? (28),Pincel,Cámara,Cincel,Tinta,1
¿Quién pintó 'La noche estrellada'? (29),Van Gogh,Monet,Goya,Klimt,1
¿Qué corriente fundó Picasso? (30),Cubismo,Surrealismo,Impresionismo,Barroco,1
¿Quién pintó la Capilla Sixtina? (31),Da Vinci,Miguel Ángel,Van Gogh,Picasso,2
¿Qué estilo artístico es Salvador Dalí? (32),Surrealismo,Cubismo,Impresionismo,Realismo,1
¿Qué instrumento usaba más Frida Kahlo? (33),Pincel,Cámara,Cincel,Tinta,1
¿Quién pintó 'La noche estrellada'? (34),Van Gogh,Monet,Goya,Klimt,1
¿Qué corriente fundó Picasso? (35),Cubismo,Surrealismo,Impresionismo,Barroco,1
¿Quién pintó la Capilla Sixtina? (36),Da Vinci,Miguel Ángel,Van Gogh,Picasso,2
¿Qué estilo artístico es Salvador Dalí? (37),Surrealismo,Cubismo,Impresionismo,Realismo,1
¿Qué instrumento usaba más Frida Kahlo? (38),Pincel,Cámara,Cincel,Tinta,1
¿Quién pintó 'La noche estrellada'? (39),Van Gogh,Monet,Goya,Klimt,1
¿Qué corriente fundó Picasso? (40),Cubismo,Surrealismo,Impresionismo,Barroco,1
¿Quién formuló la ley de la gravedad? (1),Einstein,Newton,Bohr,Tesla,2
¿Cuál es la unidad de fuerza? (2),Pascal,Joule,Newton,Watt,3
¿Qué partícula tiene carga negativa? (3),Protón,Neutrón,Electrón,Fotón,3
¿Qué estudia la termodinámica? (4),Calor y energía,Luz,Movimiento,Óptica,1
¿Qué velocidad tiene la luz? (5),"300,000 km/s","150,000 km/s","30,000 km/s","3,000 km/s",1
¿Quién formuló la ley de la gravedad? (6),Einstein,Newton,Bohr,Tesla,2
¿Cuál es la unidad de fuerza? (7),Pascal,Joule,Newton,Watt,3
¿Qué partícula tiene carga negativa? (8),Protón,Neutrón,Electrón,Fotón,3
¿Qué estudia la termodinámica? (9),Calor y energía,Luz,Movimiento,Óptica,1
¿Qué velocidad tiene la luz? (10),"300,000 km/s","150,000 km/s","30,000 km/s","3,000 km/s",1
¿Quién formuló la ley de la gravedad? (11),Einstein,Newton,Bohr,Tesla,2
¿Cuál es la unidad de fuerza? (12),Pascal,Joule,Newton,Watt,3
¿Qué partícula tiene carga negativa? (13),Protón,Neutrón,Electrón,Fotón,3
¿Qué estudia la termodinámica? (14),Calor y energía,Luz,Movimiento,Óptica,1
¿Qué velocidad tiene la luz? (15),"300,000 km/s","150,000 km/s","30,000 km/s","3,000 km/s",1
¿Quién formuló la ley de la gravedad? (16),Einstein,Newton,Bohr,Tesla,2
¿Cuál es la unidad de fuerza? (17),Pascal,Joule,Newton,Watt,3
¿Qué partícula tiene carga negativa? (18),Protón,Neutrón,Electrón,Fotón,3
¿Qué estudia la termodinámica? (19),Calor y energía,Luz,Movimiento,Óptica,1
¿Qué velocidad tiene la luz? (20),"300,000 km/s","150,000 km/s","30,000 km/s","3,000 km/s",1
¿Quién formuló la ley de la gravedad? (21),Einstein,Newton,Bohr,Tesla,2
¿Cuál es la unidad de fuerza? (22),Pascal,Joule,Newton,Watt,3
¿Qué partícula tiene carga negativa? (23),Protón,Neutrón,Electrón,Fotón,3
¿Qué estudia la termodinámica? (24),Calor y energía,Luz,Movimiento,Óptica,1
¿Qué velocidad tiene la luz? (25),"300,000 km/s","150,000 km/s","30,000 km/s","3,000 km/s",1
¿Quién formuló la ley de la gravedad? (26),Einstein,Newton,Bohr,Tesla,2
¿Cuál es la unidad de fuerza? (27),Pascal,Joule,Newton,Watt,3
¿Qué partícula tiene carga negativa? (28),Protón,Neutrón,Electrón,Fotón,3
¿Qué estudia la termodinámica? (29),Calor y energía,Luz,Movimiento,Óptica,1
¿Qué velocidad tiene la luz? (30),"300,000 km/s","150,000 km/s","30,000 km/s","3,000 km/s",1
¿Quién formuló la ley de la gravedad? (31),Einstein,Newton,Bohr,Tesla,2
¿Cuál es la unidad de fuerza? (32),Pascal,Joule,Newton,Watt,3
¿Qué partícula tiene carga negativa? (33),Protón,Neutrón,Electrón,Fotón,3
¿Qué estudia la termodinámica? (34),Calor y energía,Luz,Movimiento,Óptica,1
¿Qué velocidad tiene la luz? (35),"300,000 km/s","150,000 km/s","30,000 km/s","3,000 km/s",1
¿Quién formuló la ley de la gravedad? (36),Einstein,Newton,Bohr,Tesla,2
¿Cuál es la unidad de fuerza? (37),Pascal,Joule,Newton,Watt,3
¿Qué partícula tiene carga negativa? (38),Protón,Neutrón,Electrón,Fotón,3
¿Qué estudia la termodinámica? (39),Calor y energía,Luz,Movimiento,Óptica,1
¿Qué velocidad tiene la luz? (40),"300,000 km/s","150,000 km/s","30,000 km/s","3,000 km/s",1
¿Qué guerra terminó con el Tratado de Versalles?,Guerra de Vietnam,Segunda Guerra Mundial,Guerra Fría,Primera Guerra Mundial,4
¿Quién fue el primer presidente de Estados Unidos?,Abraham Lincoln,Thomas Jefferson,George Washington,John Adams,3
¿En qué año cayó el Muro de Berlín?,1991,1985,1989,1993,3
¿Qué imperio construyó el Coliseo?,El Imperio Griego,El Imperio Otomano,El Imperio Bizantino,El Imperio Romano,4
¿Quién fue Napoleón Bonaparte?,Emperador de Francia,Presidente de Italia,Rey de España,Zar de Rusia,1
¿Qué guerra terminó con el Tratado de Versalles?,Primera Guerra Mundial,Guerra de Vietnam,Guerra Fría,Segunda Guerra Mundial,1
¿Quién fue el primer presidente de Estados Unidos?,Thomas Jefferson,John Adams,George Washington,Abraham Lincoln,3
¿En qué año cayó el Muro de Berlín?,1989,1985,1993,1991,1
¿Qué imperio construyó el Coliseo?,El Imperio Otomano,El Imperio Romano,El Imperio Bizantino,El Imperio Griego,2
¿Quién fue Napoleón Bonaparte?,Zar de Rusia,Presidente de Italia,Rey de España,Emperador de Francia,4
¿Qué guerra terminó con el Tratado de Versalles?,Primera Guerra Mundial,Guerra Fría,Guerra de Vietnam,Segunda Guerra Mundial,1
¿Quién fue el primer presidente de Estados Unidos?,John Adams,Thomas Jefferson,Abraham Lincoln,George Washington,4
¿En qué año cayó el Muro de Berlín?,1985,1991,1989,1993,3
¿Qué imperio construyó el Coliseo?,El Imperio Griego,El Imperio Bizantino,El Imperio Romano,El Imperio Otomano,3
¿Quién fue Napoleón Bonaparte?,Presidente de Italia,Rey de España,Zar de Rusia,Emperador de Francia,4
¿Qué guerra terminó con el Tratado de Versalles?,Segunda Guerra Mundial,Guerra de Vietnam,Guerra Fría,Primera Guerra Mundial,4
¿Quién fue el primer presidente de Estados Unidos?,John Adams,George Washington,Abraham Lincoln,Thomas Jefferson,2
¿En qué año cayó el Muro de Berlín?,1993,1989,1985,1991,2
¿Qué imperio construyó el Coliseo?,El Imperio Bizantino,El Imperio Otomano,El Imperio Romano,El Imperio Griego,3
¿Quién fue Napoleón Bonaparte?,Presidente de Italia,Emperador de Francia,Rey de España,Zar de Rusia,2
¿Qué guerra terminó con el Tratado de Versalles?,Segunda Guerra Mundial,Guerra Fría,Primera Guerra Mundial,Guerra de Vietnam,3
¿Quién fue el primer presidente de Estados Unidos?,Thomas Jefferson,John Adams,Abraham Lincoln,George Washington,4
¿En qué año cayó el Muro de Berlín?,1989,1991,1993,1985,1
¿Qué imperio construyó el Coliseo?,El Imperio Bizantino,El Imperio Griego,El Imperio Romano,El Imperio Otomano,3
¿Quién fue Napoleón Bonaparte?,Emperador de Francia,Zar de Rusia,Rey de España,Presidente de Italia,1
¿Qué guerra terminó con el Tratado de Versalles?,Segunda Guerra Mundial,Guerra de Vietnam,Primera Guerra Mundial,Guerra Fría,3
¿Quién fue el primer presidente de Estados Unidos?,Thomas Jefferson,John Adams,Abraham Lincoln,George Washington,4
¿En qué año cayó el Muro de Berlín?,1989,1991,1985,1993,1
¿Qué imperio construyó el Coliseo?,El Imperio Romano,El Imperio Otomano,El Imperio Bizantino,El Imperio Griego,1
¿Quién fue Napoleón Bonaparte?,Presidente de Italia,Zar de Rusia,Emperador de Francia,Rey de España,3
¿Qué guerra terminó con el Tratado de Versalles?,Guerra Fría,Guerra de Vietnam,Segunda Guerra Mundial,Primera Guerra Mundial,4
¿Quién fue el primer presidente de Estados Unidos?,Abraham Lincoln,Thomas Jefferson,George Washington,John Adams,3
¿En qué año cayó el Muro de Berlín?,1991,1989,1985,1993,2
¿Qué imperio construyó el Coliseo?,El Imperio Griego,El Imperio Bizantino,El Imperio Otomano,El Imperio Romano,4
¿Quién fue Napoleón Bonaparte?,Emperador de Francia,Presidente de Italia,Zar de Rusia,Rey de España,1
¿Qué guerra terminó con el Tratado de Versalles?,Primera Guerra Mundial,Guerra de Vietnam,Segunda Guerra Mundial,Guerra Fría,1
¿Quién fue el primer presidente de Estados Unidos?,Abraham Lincoln,John Adams,Thomas Jefferson,George Washington,4
¿En qué año cayó el Muro de Berlín?,1991,1993,1989,1985,3
¿Qué imperio construyó el Coliseo?,El Imperio Romano,El Imperio Griego,El Imperio Otomano,El Imperio Bizantino,1
¿Quién fue Napoleón Bonaparte?,Zar de Rusia,Rey de España,Presidente de Italia,Emperador de Francia,4
¿Qué guerra terminó con el Tratado de Versalles?,Guerra Fría,Primera Guerra Mundial,Segunda Guerra Mundial,Guerra de Vietnam,2
¿Quién fue el primer presidente de Estados Unidos?,John Adams,George Washington,Thomas Jefferson,Abraham Lincoln,2
¿En qué año cayó el Muro de Berlín?,1985,1993,1989,1991,3
¿Qué imperio construyó el Coliseo?,El Imperio Otomano,El Imperio Romano,El Imperio Griego,El Imperio Bizantino,2
¿Quién fue Napoleón Bonaparte?,Emperador de Francia,Zar de Rusia,Presidente de Italia,Rey de España,1
¿Qué guerra terminó con el Tratado de Versalles?,Primera Guerra Mundial,Guerra Fría,Segunda Guerra Mundial,Guerra de Vietnam,1
¿Quién fue el primer presidente de Estados Unidos?,John Adams,Abraham Lincoln,George Washington,Thomas Jefferson,3
¿En qué año cayó el Muro de Berlín?,1989,1985,1993,1991,1
¿Qué imperio construyó el Coliseo?,El Imperio Otomano,El Imperio Bizantino,El Imperio Romano,El Imperio Griego,3
¿Quién fue Napoleón Bonaparte?,Rey de España,Zar de Rusia,Presidente de Italia,Emperador de Francia,4
¿Cuál es el planeta más grande del sistema solar?,Neptuno,Saturno,Marte,Júpiter,4
¿Qué gas respiramos para vivir?,Dióxido de carbono,Oxígeno,Hidrógeno,Nitrógeno,2
¿Qué órgano humano bombea sangre?,Los pulmones,El corazón,El riñón,El hígado,2
¿Qué científico propuso la teoría de la relatividad?,Galileo Galilei,Nikola Tesla,Albert Einstein,Isaac Newton,3
¿Qué sustancia da color a la piel?,Colágeno,Hemoglobina,Melanina,Queratina,3
¿Cuál es el planeta más grande del sistema solar?,Neptuno,Saturno,Júpiter,Marte,3
¿Qué gas respiramos para vivir?,Oxígeno,Hidrógeno,Nitrógeno,Dióxido de carbono,1
¿Qué órgano humano bombea sangre?,El riñón,El hígado,Los pulmones,El corazón,4
¿Qué científico propuso la teoría de la relatividad?,Nikola Tesla,Albert Einstein,Galileo Galilei,Isaac Newton,2
¿Qué sustancia da color a la piel?,Queratina,Hemoglobina,Colágeno,Melanina,4
¿Cuál es el planeta más grande del sistema solar?,Saturno,Marte,Neptuno,Júpiter,4
¿Qué gas respiramos para vivir?,Oxígeno,Hidrógeno,Nitrógeno,Dióxido de carbono,1
¿Qué órgano humano bombea sangre?,Los pulmones,El riñón,El corazón,El hígado,3
¿Qué científico propuso la teoría de la relatividad?,Isaac Newton,Nikola Tesla,Albert Einstein,Galileo Galilei,3
¿Qué sustancia da color a la piel?,Colágeno,Queratina,Melanina,Hemoglobina,3
¿Cuál es el planeta más grande del sistema solar?,Saturno,Júpiter,Marte,Neptuno,2
¿Qué gas respiramos para vivir?,Hidrógeno,Nitrógeno,Dióxido de carbono,Oxígeno,4
¿Qué órgano humano bombea sangre?,El riñón,Los pulmones,El corazón,El hígado,3
¿Qué científico propuso la teoría de la relatividad?,Nikola Tesla,Isaac Newton,Albert Einstein,Galileo Galilei,3
¿Qué sustancia da color a la piel?,Colágeno,Melanina,Queratina,Hemoglobina,2
¿Cuál es el planeta más grande del sistema solar?,Júpiter,Saturno,Marte,Neptuno,1
¿Qué gas respiramos para vivir?,Hidrógeno,Dióxido de carbono,Oxígeno,Nitrógeno,3
¿Qué órgano humano bombea sangre?,El riñón,El corazón,El hígado,Los pulmones,2
¿Qué científico propuso la teoría de la relatividad?,Nikola Tesla,Isaac Newton,Albert Einstein,Galileo Galilei,3
¿Qué sustancia da color a la piel?,Melanina,Hemoglobina,Colágeno,Queratina,1
¿Cuál es el planeta más grande del sistema solar?,Saturno,Neptuno,Júpiter,Marte,3
¿Qué gas respiramos para vivir?,Hidrógeno,Dióxido de carbono,Nitrógeno,Oxígeno,4
¿Qué órgano humano bombea sangre?,El riñón,Los pulmones,El corazón,El hígado,3
¿Qué científico propuso la teoría de la relatividad?,Isaac Newton,Nikola Tesla,Albert Einstein,Galileo Galilei,3
¿Qué sustancia da color a la piel?,Colágeno,Hemoglobina,Melanina,Queratina,3
¿Cuál es el planeta más grande del sistema solar?,Saturno,Júpiter,Neptuno,Marte,2
¿Qué gas respiramos para vivir?,Hidrógeno,Nitrógeno,Oxígeno,Dióxido de carbono,3
¿Qué órgano humano bombea sangre?,El hígado,Los pulmones,El riñón,El corazón,4
¿Qué científico propuso la teoría de la relatividad?,Galileo Galilei,Albert Einstein,Nikola Tesla,Isaac Newton,2
¿Qué sustancia da color a la piel?,Queratina,Colágeno,Melanina,Hemoglobina,3
¿Cuál es el planeta más grande del sistema solar?,Júpiter,Saturno,Neptuno,Marte,1
¿Qué gas respiramos para vivir?,Oxígeno,Dióxido de carbono,Nitrógeno,Hidrógeno,1
¿Qué órgano humano bombea sangre?,El hígado,Los pulmones,El riñón,El corazón,4
¿Qué científico propuso la teoría de la relatividad?,Isaac Newton,Albert Einstein,Galileo Galilei,Nikola Tesla,2
¿Qué sustancia da color a la piel?,Queratina,Hemoglobina,Colágeno,Melanina,4
¿Cuál es el planeta más grande del sistema solar?,Saturno,Neptuno,Marte,Júpiter,4
¿Qué gas respiramos para vivir?,Oxígeno,Hidrógeno,Nitrógeno,Dióxido de carbono,1
¿Qué órgano humano bombea sangre?,El corazón,El hígado,El riñón,Los pulmones,1
¿Qué científico propuso la teoría de la relatividad?,Isaac Newton,Galileo Galilei,Albert Einstein,Nikola Tesla,3
¿Qué sustancia da color a la piel?,Hemoglobina,Melanina,Queratina,Colágeno,2
¿Cuál es el planeta más grande del sistema solar?,Neptuno,Saturno,Marte,Júpiter,4
¿Qué gas respiramos para vivir?,Dióxido de carbono,Oxígeno,Hidrógeno,Nitrógeno,2
¿Qué órgano humano bombea sangre?,El corazón,El hígado,Los pulmones,El riñón,1
¿Qué científico propuso la teoría de la relatividad?,Isaac Newton,Galileo Galilei,Nikola Tesla,Albert Einstein,4
¿Qué sustancia da color a la piel?,Melanina,Hemoglobina,Colágeno,Queratina,1
¿Cuál es el país más grande del mundo?,Estados Unidos,China,Rusia,Canadá,3
¿En qué continente está Egipto?,Asia,Europa,África,América,3
¿Cuál es el río más largo del mundo?,El Mississippi,El Amazonas,El Yangtsé,El Nilo,2
¿Qué país tiene forma de bota?,Grecia,Italia,España,Portugal,2
¿Dónde está ubicada la Torre Eiffel?,Alemania,Inglaterra,Italia,Francia,4
¿Cuál es el país más grande del mundo?,Rusia,Canadá,China,Estados Unidos,1
¿En qué continente está Egipto?,Europa,América,Asia,África,4
¿Cuál es el río más largo del mundo?,El Yangtsé,El Amazonas,El Mississippi,El Nilo,2
¿Qué país tiene forma de bota?,Portugal,España,Italia,Grecia,3
¿Dónde está ubicada la Torre Eiffel?,Inglaterra,Italia,Alemania,Francia,4
¿Cuál es el país más grande del mundo?,Estados Unidos,Canadá,China,Rusia,4
¿En qué continente está Egipto?,Asia,Europa,África,América,3
¿Cuál es el río más largo del mundo?,El Yangtsé,El Mississippi,El Amazonas,El Nilo,3
¿Qué país tiene forma de bota?,Italia,España,Portugal,Grecia,1
¿Dónde está ubicada la Torre Eiffel?,Alemania,Inglaterra,Italia,Francia,4
¿Cuál es el país más grande del mundo?,Rusia,China,Canadá,Estados Unidos,1
¿En qué continente está Egipto?,Europa,Asia,África,América,3
¿Cuál es el río más largo del mundo?,El Yangtsé,El Mississippi,El Nilo,El Amazonas,4
¿Qué país tiene forma de bota?,Portugal,España,Italia,Grecia,3
¿Dónde está ubicada la Torre Eiffel?,Alemania,Inglaterra,Italia,Francia,4
¿Cuál es el país más grande del mundo?,China,Rusia,Canadá,Estados Unidos,2
¿En qué continente está Egipto?,Europa,América,África,Asia,3
¿Cuál es el río más largo del mundo?,El Amazonas,El Yangtsé,El Mississippi,El Nilo,1
¿Qué país tiene forma de bota?,Italia,España,Grecia,Portugal,1
¿Dónde está ubicada la Torre Eiffel?,Francia,Italia,Alemania,Inglaterra,1
¿Cuál es el país más grande del mundo?,Estados Unidos,Rusia,Canadá,China,2
¿En qué continente está Egipto?,Europa,África,América,Asia,2
¿Cuál es el río más largo del mundo?,El Amazonas,El Mississippi,El Nilo,El Yangtsé,1
¿Qué país tiene forma de bota?,Italia,Portugal,Grecia,España,1
¿Dónde está ubicada la Torre Eiffel?,Italia,Alemania,Francia,Inglaterra,3
¿Cuál es el país más grande del mundo?,China,Canadá,Estados Unidos,Rusia,4
¿En qué continente está Egipto?,América,África,Europa,Asia,2
¿Cuál es el río más largo del mundo?,El Amazonas,El Yangtsé,El Nilo,El Mississippi,1
¿Qué país tiene forma de bota?,España,Portugal,Italia,Grecia,3
¿Dónde está ubicada la Torre Eiffel?,Alemania,Italia,Francia,Inglaterra,3
¿Cuál es el país más grande del mundo?,Canadá,China,Estados Unidos,Rusia,4
¿En qué continente está Egipto?,África,Asia,América,Europa,1
¿Cuál es el río más largo del mundo?,El Mississippi,El Yangtsé,El Amazonas,El Nilo,3
¿Qué país tiene forma de bota?,Italia,España,Portugal,Grecia,1
¿Dónde está ubicada la Torre Eiffel?,Inglaterra,Italia,Francia,Alemania,3
¿Cuál es el país más grande del mundo?,Rusia,Estados Unidos,Canadá,China,1
¿En qué continente está Egipto?,América,Europa,África,Asia,3
¿Cuál es el río más largo del mundo?,El Mississippi,El Nilo,El Yangtsé,El Amazonas,4
¿Qué país tiene forma de bota?,Italia,España,Portugal,Grecia,1
¿Dónde está ubicada la Torre Eiffel?,Alemania,Italia,Inglaterra,Francia,4
¿Cuál es el país más grande del mundo?,Rusia,Estados Unidos,Canadá,China,1
¿En qué continente está Egipto?,Asia,América,Europa,África,4
¿Cuál es el río más largo del mundo?,El Mississippi,El Yangtsé,El Amazonas,El Nilo,3
¿Qué país tiene forma de bota?,Portugal,Grecia,Italia,España,3
¿Dónde está ubicada la Torre Eiffel?,Francia,Italia,Inglaterra,Alemania,1
¿Quién pintó la Mona Lisa?,Miguel Ángel,Leonardo da Vinci,Vincent van Gogh,Pablo Picasso,2
¿Qué movimiento artístico impulsó Salvador Dalí?,Expresionismo,Impresionismo,Surrealismo,Cubismo,3
¿Qué instrumento usa un escultor?,Pincel,Lente,Pluma,Cincel,4
¿Cuál de estas obras es de Beethoven?,La Traviata,El Lago de los Cisnes,La Novena Sinfonía,Las Cuatro Estaciones,3
¿Qué artista pintó 'La noche estrellada'?,Claude Monet,Paul Cézanne,Diego Velázquez,Vincent van Gogh,4
¿Quién pintó la Mona Lisa?,Leonardo da Vinci,Pablo Picasso,Vincent van Gogh,Miguel Ángel,1
¿Qué movimiento artístico impulsó Salvador Dalí?,Cubismo,Expresionismo,Surrealismo,Impresionismo,3
¿Qué instrumento usa un escultor?,Cincel,Pincel,Lente,Pluma,1
¿Cuál de estas obras es de Beethoven?,Las Cuatro Estaciones,La Novena Sinfonía,La Traviata,El Lago de los Cisnes,2
¿Qué artista pintó 'La noche estrellada'?,Vincent van Gogh,Claude Monet,Paul Cézanne,Diego Velázquez,1
¿Quién pintó la Mona Lisa?,Pablo Picasso,Vincent van Gogh,Miguel Ángel,Leonardo da Vinci,4
¿Qué movimiento artístico impulsó Salvador Dalí?,Cubismo,Surrealismo,Impresionismo,Expresionismo,2
¿Qué instrumento usa un escultor?,Lente,Cincel,Pluma,Pincel,2
¿Cuál de estas obras es de Beethoven?,El Lago de los Cisnes,La Traviata,Las Cuatro Estaciones,La Novena Sinfonía,4
¿Qué artista pintó 'La noche estrellada'?,Paul Cézanne,Vincent van Gogh,Claude Monet,Diego Velázquez,2
¿Quién pintó la Mona Lisa?,Vincent van Gogh,Pablo Picasso,Leonardo da Vinci,Miguel Ángel,3
¿Qué movimiento artístico impulsó Salvador Dalí?,Surrealismo,Expresionismo,Impresionismo,Cubismo,1
¿Qué instrumento usa un escultor?,Lente,Pincel,Pluma,Cincel,4
¿Cuál de estas obras es de Beethoven?,La Traviata,El Lago de los Cisnes,Las Cuatro Estaciones,La Novena Sinfonía,4
¿Qué artista pintó 'La noche estrellada'?,Diego Velázquez,Vincent van Gogh,Paul Cézanne,Claude Monet,2
¿Quién pintó la Mona Lisa?,Miguel Ángel,Leonardo da Vinci,Pablo Picasso,Vincent van Gogh,2
¿Qué movimiento artístico impulsó Salvador Dalí?,Cubismo,Impresionismo,Expresionismo,Surrealismo,4
¿Qué instrumento usa un escultor?,Pincel,Pluma,Lente,Cincel,4
¿Cuál de estas obras es de Beethoven?,La Traviata,El Lago de los Cisnes,La Novena Sinfonía,Las Cuatro Estaciones,3
¿Qué artista pintó 'La noche estrellada'?,Paul Cézanne,Vincent van Gogh,Claude Monet,Diego Velázquez,2
¿Quién pintó la Mona Lisa?,Pablo Picasso,Miguel Ángel,Vincent van Gogh,Leonardo da Vinci,4
¿Qué movimiento artístico impulsó Salvador Dalí?,Expresionismo,Impresionismo,Surrealismo,Cubismo,3
¿Qué instrumento usa un escultor?,Pluma,Lente,Cincel,Pincel,3
¿Cuál de estas obras es de Beethoven?,Las Cuatro Estaciones,El Lago de los Cisnes,La Traviata,La Novena Sinfonía,4
¿Qué artista pintó 'La noche estrellada'?,Diego Velázquez,Paul Cézanne,Claude Monet,Vincent van Gogh,4
¿Quién pintó la Mona Lisa?,Vincent van Gogh,Pablo Picasso,Miguel Ángel,Leonardo da Vinci,4
¿Qué movimiento artístico impulsó Salvador Dalí?,Cubismo,Surrealismo,Impresionismo,Expresionismo,2
¿Qué instrumento usa un escultor?,Cincel,Pincel,Pluma,Lente,1
¿Cuál de estas obras es de Beethoven?,La Novena Sinfonía,El Lago de los Cisnes,La Traviata,Las Cuatro Estaciones,1
¿Qué artista pintó 'La noche estrellada'?,Paul Cézanne,Claude Monet,Diego Velázquez,Vincent van Gogh,4
¿Quién pintó la Mona Lisa?,Pablo Picasso,Miguel Ángel,Leonardo da Vinci,Vincent van Gogh,3
¿Qué movimiento artístico impulsó Salvador Dalí?,Impresionismo,Expresionismo,Cubismo,Surrealismo,4
¿Qué instrumento usa un escultor?,Lente,Cincel,Pluma,Pincel,2
¿Cuál de estas obras es de Beethoven?,Las Cuatro Estaciones,La Novena Sinfonía,La Traviata,El Lago de los Cisnes,2
¿Qué artista pintó 'La noche estrellada'?,Paul Cézanne,Diego Velázquez,Claude Monet,Vincent van Gogh,4
¿Quién pintó la Mona Lisa?,Pablo Picasso,Miguel Ángel,Leonardo da Vinci,Vincent van Gogh,3
¿Qué movimiento artístico impulsó Salvador Dalí?,Cubismo,Impresionismo,Surrealismo,Expresionismo,3
¿Qué instrumento usa un escultor?,Cincel,Pincel,Pluma,Lente,1
¿Cuál de estas obras es de Beethoven?,El Lago de los Cisnes,Las Cuatro Estaciones,La Traviata,La Novena Sinfonía,4
¿Qué artista pintó 'La noche estrellada'?,Claude Monet,Diego Velázquez,Paul Cézanne,Vincent van Gogh,4
¿Quién pintó la Mona Lisa?,Miguel Ángel,Pablo Picasso,Leonardo da Vinci,Vincent van Gogh,3
¿Qué movimiento artístico impulsó Salvador Dalí?,Impresionismo,Expresionismo,Cubismo,Surrealismo,4
¿Qué instrumento usa un escultor?,Pincel,Pluma,Cincel,Lente,3
¿Cuál de estas obras es de Beethoven?,Las Cuatro Estaciones,La Novena Sinfonía,La Traviata,El Lago de los Cisnes,2
¿Qué artista pintó 'La noche estrellada'?,Diego Velázquez,Paul Cézanne,Vincent van Gogh,Claude Monet,3
¿Quién interpreta a Iron Man en el cine?,Robert Downey Jr.,Mark Ruffalo,Chris Evans,Tom Holland,1
¿Qué saga tiene como protagonista a Harry Potter?,Percy Jackson,Harry Potter,Narnia,Los Juegos del Hambre,2
¿Qué plataforma produce la serie 'Stranger Things'?,Disney+,Amazon Prime,Netflix,HBO,3
¿Qué personaje amarillo vive en una piña bajo el mar?,Patricio,Homero,Calamardo,Bob Esponja,4
¿Qué película ganó el Oscar a Mejor Película en 2020?,Parásitos,1917,Érase una vez en Hollywood,Joker,1
¿Quién interpreta a Iron Man en el cine?,Tom Holland,Chris Evans,Mark Ruffalo,Robert Downey Jr.,4
¿Qué saga tiene como protagonista a Harry Potter?,Harry Potter,Percy Jackson,Narnia,Los Juegos del Hambre,1
¿Qué plataforma produce la serie 'Stranger Things'?,Netflix,HBO,Amazon Prime,Disney+,1
¿Qué personaje amarillo vive en una piña bajo el mar?,Patricio,Calamardo,Homero,Bob Esponja,4
¿Qué película ganó el Oscar a Mejor Película en 2020?,Érase una vez en Hollywood,Joker,Parásitos,1917,3
¿Quién interpreta a Iron Man en el cine?,Robert Downey Jr.,Tom Holland,Chris Evans,Mark Ruffalo,1
¿Qué saga tiene como protagonista a Harry Potter?,Percy Jackson,Narnia,Los Juegos del Hambre,Harry Potter,4
¿Qué plataforma produce la serie 'Stranger Things'?,Netflix,Disney+,HBO,Amazon Prime,1
¿Qué personaje amarillo vive en una piña bajo el mar?,Patricio,Homero,Calamardo,Bob Esponja,4
¿Qué película ganó el Oscar a Mejor Película en 2020?,1917,Joker,Érase una vez en Hollywood,Parásitos,4
¿Quién interpreta a Iron Man en el cine?,Chris Evans,Tom Holland,Mark Ruffalo,Robert Downey Jr.,4
¿Qué saga tiene como protagonista a Harry Potter?,Harry Potter,Narnia,Percy Jackson,Los Juegos del Hambre,1
¿Qué plataforma produce la serie 'Stranger Things'?,Disney+,Netflix,Amazon Prime,HBO,2
¿Qué personaje amarillo vive en una piña bajo el mar?,Bob Esponja,Patricio,Homero,Calamardo,1
¿Qué película ganó el Oscar a Mejor Película en 2020?,1917,Parásitos,Joker,Érase una vez en Hollywood,2
¿Quién interpreta a Iron Man en el cine?,Chris Evans,Robert Downey Jr.,Tom Holland,Mark Ruffalo,2
¿Qué saga tiene como protagonista a Harry Potter?,Narnia,Percy Jackson,Harry Potter,Los Juegos del Hambre,3
¿Qué plataforma produce la serie 'Stranger Things'?,Netflix,Disney+,HBO,Amazon Prime,1
¿Qué personaje amarillo vive en una piña bajo el mar?,Bob Esponja,Homero,Patricio,Calamardo,1
¿Qué película ganó el Oscar a Mejor Película en 2020?,Érase una vez en Hollywood,Joker,Parásitos,1917,3
¿Quién interpreta a Iron Man en el cine?,Chris Evans,Robert Downey Jr.,Tom Holland,Mark Ruffalo,2
¿Qué saga tiene como protagonista a Harry Potter?,Los Juegos del Hambre,Percy Jackson,Narnia,Harry Potter,4
¿Qué plataforma produce la serie 'Stranger Things'?,HBO,Netflix,Amazon Prime,Disney+,2
¿Qué personaje amarillo vive en una piña bajo el mar?,Calamardo,Homero,Bob Esponja,Patricio,3
¿Qué película ganó el Oscar a Mejor Película en 2020?,1917,Érase una vez en Hollywood,Parásitos,Joker,3
¿Quién interpreta a Iron Man en el cine?,Chris Evans,Robert Downey Jr.,Tom Holland,Mark Ruffalo,2
¿Qué saga tiene como protagonista a Harry Potter?,Los Juegos del Hambre,Narnia,Percy Jackson,Harry Potter,4
¿Qué plataforma produce la serie 'Stranger Things'?,HBO,Disney+,Amazon Prime,Netflix,4
¿Qué personaje amarillo vive en una piña bajo el mar?,Homero,Calamardo,Patricio,Bob Esponja,4
¿Qué película ganó el Oscar a Mejor Película en 2020?,Parásitos,Joker,Érase una vez en Hollywood,1917,1
¿Quién interpreta a Iron Man en el cine?,Mark Ruffalo,Chris Evans,Robert Downey Jr.,Tom Holland,3
¿Qué saga tiene como protagonista a Harry Potter?,Los Juegos del Hambre,Percy Jackson,Narnia,Harry Potter,4
¿Qué plataforma produce la serie 'Stranger Things'?,HBO,Disney+,Amazon Prime,Netflix,4
¿Qué personaje amarillo vive en una piña bajo el mar?,Calamardo,Bob Esponja,Patricio,Homero,2
¿Qué película ganó el Oscar a Mejor Película en 2020?,1917,Érase una vez en Hollywood,Joker,Parásitos,4
¿Quién interpreta a Iron Man en el cine?,Chris Evans,Tom Holland,Mark Ruffalo,Robert Downey Jr.,4
¿Qué saga tiene como protagonista a Harry Potter?,Narnia,Harry Potter,Percy Jackson,Los Juegos del Hambre,2
¿Qué plataforma produce la serie 'Stranger Things'?,Amazon Prime,HBO,Disney+,Netflix,4
¿Qué personaje amarillo vive en una piña bajo el mar?,Homero,Calamardo,Bob Esponja,Patricio,3
¿Qué película ganó el Oscar a Mejor Película en 2020?,Parásitos,1917,Érase una vez en Hollywood,Joker,1
¿Quién interpreta a Iron Man en el cine?,Tom Holland,Robert Downey Jr.,Chris Evans,Mark Ruffalo,2
¿Qué saga tiene como protagonista a Harry Potter?,Los Juegos del Hambre,Harry Potter,Narnia,Percy Jackson,2
¿Qué plataforma produce la serie 'Stranger Things'?,Disney+,HBO,Netflix,Amazon Prime,3
¿Qué personaje amarillo vive en una piña bajo el mar?,Patricio,Calamardo,Homero,Bob Esponja,4
¿Qué película ganó el Oscar a Mejor Película en 2020?,Érase una vez en Hollywood,Joker,1917,Parásitos,4
¿Cuántos jugadores hay en un equipo de fútbol?,11,12,10,9,1
¿Qué país ha ganado más Copas del Mundo de fútbol?,Brasil,Alemania,Argentina,Italia,1
¿Quién es conocido como 'La Pulga' en el fútbol?,Pelé,Neymar,Cristiano Ronaldo,Lionel Messi,4
¿En qué deporte se usa una raqueta?,Fútbol,Golf,Boxeo,Tenis,4
¿Qué deporte practica Michael Jordan?,Béisbol,Básquet,Atletismo,Fútbol,2
¿Cuántos jugadores hay en un equipo de fútbol?,10,12,11,9,3
¿Qué país ha ganado más Copas del Mundo de fútbol?,Argentina,Brasil,Italia,Alemania,2
¿Quién es conocido como 'La Pulga' en el fútbol?,Lionel Messi,Cristiano Ronaldo,Pelé,Neymar,1
¿En qué deporte se usa una raqueta?,Fútbol,Golf,Boxeo,Tenis,4
¿Qué deporte practica Michael Jordan?,Atletismo,Fútbol,Béisbol,Básquet,4
¿Cuántos jugadores hay en un equipo de fútbol?,10,11,12,9,2
¿Qué país ha ganado más Copas del Mundo de fútbol?,Argentina,Italia,Brasil,Alemania,3
¿Quién es conocido como 'La Pulga' en el fútbol?,Lionel Messi,Cristiano Ronaldo,Neymar,Pelé,1
¿En qué deporte se usa una raqueta?,Boxeo,Golf,Fútbol,Tenis,4
¿Qué deporte practica Michael Jordan?,Fútbol,Básquet,Béisbol,Atletismo,2
¿Cuántos jugadores hay en un equipo de fútbol?,12,9,10,11,4
¿Qué país ha ganado más Copas del Mundo de fútbol?,Brasil,Argentina,Alemania,Italia,1
¿Quién es conocido como 'La Pulga' en el fútbol?,Cristiano Ronaldo,Pelé,Lionel Messi,Neymar,3
¿En qué deporte se usa una raqueta?,Fútbol,Boxeo,Tenis,Golf,3
¿Qué deporte practica Michael Jordan?,Béisbol,Fútbol,Atletismo,Básquet,4
¿Cuántos jugadores hay en un equipo de fútbol?,12,10,9,11,4
¿Qué país ha ganado más Copas del Mundo de fútbol?,Alemania,Argentina,Italia,Brasil,4
¿Quién es conocido como 'La Pulga' en el fútbol?,Lionel Messi,Cristiano Ronaldo,Neymar,Pelé,1
¿En qué deporte se usa una raqueta?,Tenis,Boxeo,Golf,Fútbol,1
¿Qué deporte practica Michael Jordan?,Básquet,Atletismo,Fútbol,Béisbol,1
¿Cuántos jugadores hay en un equipo de fútbol?,11,9,12,10,1
¿Qué país ha ganado más Copas del Mundo de fútbol?,Argentina,Alemania,Italia,Brasil,4
¿Quién es conocido como 'La Pulga' en el fútbol?,Lionel Messi,Neymar,Pelé,Cristiano Ronaldo,1
¿En qué deporte se usa una raqueta?,Tenis,Boxeo,Fútbol,Golf,1
¿Qué deporte practica Michael Jordan?,Fútbol,Básquet,Atletismo,Béisbol,2
¿Cuántos jugadores hay en un equipo de fútbol?,12,11,10,9,2
¿Qué país ha ganado más Copas del Mundo de fútbol?,Brasil,Argentina,Alemania,Italia,1
¿Quién es conocido como 'La Pulga' en el fútbol?,Pelé,Neymar,Cristiano Ronaldo,Lionel Messi,4
¿En qué deporte se usa una raqueta?,Fútbol,Golf,Tenis,Boxeo,3
¿Qué deporte practica Michael Jordan?,Béisbol,Atletismo,Fútbol,Básquet,4
¿Cuántos jugadores hay en un equipo de fútbol?,10,11,9,12,2
¿Qué país ha ganado más Copas del Mundo de fútbol?,Brasil,Argentina,Alemania,Italia,1
¿Quién es conocido como 'La Pulga' en el fútbol?,Cristiano Ronaldo,Pelé,Neymar,Lionel Messi,4
¿En qué deporte se usa una raqueta?,Tenis,Boxeo,Golf,Fútbol,1
¿Qué deporte practica Michael Jordan?,Atletismo,Fútbol,Béisbol,Básquet,4
¿Cuántos jugadores hay en un equipo de fútbol?,12,9,11,10,3
¿Qué país ha ganado más Copas del Mundo de fútbol?,Italia,Argentina,Brasil,Alemania,3
¿Quién es conocido como 'La Pulga' en el fútbol?,Cristiano Ronaldo,Lionel Messi,Pelé,Neymar,2
¿En qué deporte se usa una raqueta?,Golf,Fútbol,Boxeo,Tenis,4
¿Qué deporte practica Michael Jordan?,Béisbol,Atletismo,Básquet,Fútbol,3
¿Cuántos jugadores hay en un equipo de fútbol?,11,12,9,10,1
¿Qué país ha ganado más Copas del Mundo de fútbol?,Italia,Brasil,Argentina,Alemania,2
¿Quién es conocido como 'La Pulga' en el fútbol?,Neymar,Pelé,Cristiano Ronaldo,Lionel Messi,4
¿En qué deporte se usa una raqueta?,Boxeo,Fútbol,Golf,Tenis,4
¿Qué deporte practica Michael Jordan?,Atletismo,Básquet,Béisbol,Fútbol,2
cuanto es la raiz cuadrada de 36,6,"5,6",7,3,1

